S.No,Temperature,TemperatureErrorHighLimit,TemperatureErrorLowLimit,TemperatureWarningHighLimit,TemperatureWarningLowLimit,Humidity(%),HumidityErrorHighLimit,HumiditiyErrorLowLimit,HumidityWarningHighLimit,HumidityWarningLowLimit
1,16.743954450909143,40,0,37,4,62,90,0,70,0
2,27.088218649206986,40,0,37,4,35,90,0,70,0
3,2.490702004007983,40,0,37,4,49,90,0,70,0
4,22.062225716409568,40,0,37,4,70,90,0,70,0
5,21.238660766936277,40,0,37,4,40,90,0,70,0
6,48.24996182429993,40,0,37,4,51,90,0,70,0
7,17.490845555192365,40,0,37,4,31,90,0,70,0
8,31.478207256315883,40,0,37,4,45,90,0,70,0
9,10.381044895954886,40,0,37,4,55,90,0,70,0
10,30.513472993133433,40,0,37,4,43,90,0,70,0
11,38.159194300202,40,0,37,4,45,90,0,70,0
12,24.28443183377108,40,0,37,4,59,90,0,70,0
13,17.619997465516136,40,0,37,4,31,90,0,70,0
14,27.631028370980985,40,0,37,4,42,90,0,70,0
15,26.73408827410627,40,0,37,4,48,90,0,70,0
16,13.975682618679983,40,0,37,4,48,90,0,70,0
17,46.83021094477378,40,0,37,4,50,90,0,70,0
18,27.70320908693897,40,0,37,4,53,90,0,70,0
19,11.014733459899128,40,0,37,4,56,90,0,70,0
20,37.56460697907603,40,0,37,4,56,90,0,70,0
21,22.510464189930513,40,0,37,4,45,90,0,70,0
22,32.384018270120926,40,0,37,4,48,90,0,70,0
23,39.02333657977,40,0,37,4,62,90,0,70,0
24,4.2731775599663795,40,0,37,4,58,90,0,70,0
25,48.86945928064509,40,0,37,4,43,90,0,70,0
26,24.592507612370206,40,0,37,4,36,90,0,70,0
27,45.42348496913381,40,0,37,4,52,90,0,70,0
28,32.02637750753051,40,0,37,4,66,90,0,70,0
29,43.15278684694347,40,0,37,4,48,90,0,70,0
30,38.65669785106853,40,0,37,4,61,90,0,70,0
31,46.45021503529111,40,0,37,4,47,90,0,70,0
32,3.697167201413687,40,0,37,4,42,90,0,70,0
33,9.79570534814166,40,0,37,4,51,90,0,70,0
34,27.512955675510014,40,0,37,4,68,90,0,70,0
35,0.9515080668198266,40,0,37,4,50,90,0,70,0
36,17.139095540373134,40,0,37,4,47,90,0,70,0
37,29.71642635381285,40,0,37,4,41,90,0,70,0
38,42.87842243236138,40,0,37,4,53,90,0,70,0
39,48.488248655948425,40,0,37,4,56,90,0,70,0
40,16.974530501408978,40,0,37,4,62,90,0,70,0
41,7.651815624149094,40,0,37,4,32,90,0,70,0
42,25.005663057386826,40,0,37,4,50,90,0,70,0
43,17.936347257207217,40,0,37,4,48,90,0,70,0
44,13.620010828587436,40,0,37,4,60,90,0,70,0
45,39.20865549571471,40,0,37,4,42,90,0,70,0
46,23.124327796500552,40,0,37,4,50,90,0,70,0
47,20.125864979588187,40,0,37,4,55,90,0,70,0
48,21.83095025322005,40,0,37,4,56,90,0,70,0
49,45.85079591965891,40,0,37,4,32,90,0,70,0
50,0.049135006825951066,40,0,37,4,70,90,0,70,0
51,16.920215502075642,40,0,37,4,36,90,0,70,0
52,21.541734348598972,40,0,37,4,50,90,0,70,0
53,28.069042554377464,40,0,37,4,59,90,0,70,0
54,45.47257848732747,40,0,37,4,55,90,0,70,0
55,49.33075990083415,40,0,37,4,69,90,0,70,0
56,31.173255047225197,40,0,37,4,59,90,0,70,0
57,33.1213312633397,40,0,37,4,52,90,0,70,0
58,17.387149506033097,40,0,37,4,45,90,0,70,0
59,37.37377750190443,40,0,37,4,64,90,0,70,0
60,6.042511128155084,40,0,37,4,65,90,0,70,0
61,30.634732947709242,40,0,37,4,36,90,0,70,0
62,41.62694970876727,40,0,37,4,54,90,0,70,0
63,17.868632400804294,40,0,37,4,32,90,0,70,0
64,30.453667552577826,40,0,37,4,42,90,0,70,0
65,28.970151048391923,40,0,37,4,40,90,0,70,0
66,12.885184012548713,40,0,37,4,39,90,0,70,0
67,12.372688336168594,40,0,37,4,36,90,0,70,0
68,49.707337648489116,40,0,37,4,56,90,0,70,0
69,26.134038633582325,40,0,37,4,40,90,0,70,0
70,35.03799697201838,40,0,37,4,42,90,0,70,0
71,45.213117387003436,40,0,37,4,58,90,0,70,0
72,9.697050510226635,40,0,37,4,45,90,0,70,0
73,7.1836306727085075,40,0,37,4,54,90,0,70,0
74,38.170268050980354,40,0,37,4,33,90,0,70,0
75,10.378265384863347,40,0,37,4,55,90,0,70,0
76,23.07147454380727,40,0,37,4,66,90,0,70,0
77,16.595886555138122,40,0,37,4,63,90,0,70,0
78,30.681630993602205,40,0,37,4,37,90,0,70,0
79,47.070506186977994,40,0,37,4,62,90,0,70,0
80,27.581412610655033,40,0,37,4,54,90,0,70,0
81,41.908347525232294,40,0,37,4,33,90,0,70,0
82,44.85504296879874,40,0,37,4,69,90,0,70,0
83,41.10752709283732,40,0,37,4,36,90,0,70,0
84,45.72350057777334,40,0,37,4,33,90,0,70,0
85,39.37226747108001,40,0,37,4,46,90,0,70,0
86,14.357679896321862,40,0,37,4,61,90,0,70,0
87,19.902823364169176,40,0,37,4,61,90,0,70,0
88,0.35302012355793444,40,0,37,4,59,90,0,70,0
89,9.316844213423558,40,0,37,4,48,90,0,70,0
90,0.21240499039615202,40,0,37,4,36,90,0,70,0
91,6.578976817030913,40,0,37,4,66,90,0,70,0
92,46.39980112012606,40,0,37,4,52,90,0,70,0
93,24.44624200904094,40,0,37,4,34,90,0,70,0
94,36.51061726695101,40,0,37,4,54,90,0,70,0
95,43.17840393542929,40,0,37,4,40,90,0,70,0
96,16.33943769137305,40,0,37,4,50,90,0,70,0
97,41.086969776509335,40,0,37,4,34,90,0,70,0
98,10.266356682193766,40,0,37,4,46,90,0,70,0
99,28.701734731007292,40,0,37,4,57,90,0,70,0
100,36.15168129978653,40,0,37,4,59,90,0,70,0
101,2.0626483800906925,40,0,37,4,61,90,0,70,0
102,24.18008838070509,40,0,37,4,61,90,0,70,0
103,33.54032841873672,40,0,37,4,45,90,0,70,0
104,23.960568517697496,40,0,37,4,33,90,0,70,0
105,8.383013836590948,40,0,37,4,50,90,0,70,0
106,38.463429978180194,40,0,37,4,53,90,0,70,0
107,24.975199594319236,40,0,37,4,56,90,0,70,0
108,7.948120662590608,40,0,37,4,43,90,0,70,0
109,23.902741587086386,40,0,37,4,46,90,0,70,0
110,12.828282356923893,40,0,37,4,43,90,0,70,0
111,34.667570708218335,40,0,37,4,67,90,0,70,0
112,0.4814918610498764,40,0,37,4,47,90,0,70,0
113,11.240946856148106,40,0,37,4,56,90,0,70,0
114,17.687270689403476,40,0,37,4,56,90,0,70,0
115,7.599473435933469,40,0,37,4,69,90,0,70,0
116,48.43164958030364,40,0,37,4,44,90,0,70,0
117,18.61081890896027,40,0,37,4,47,90,0,70,0
118,34.979694076930436,40,0,37,4,43,90,0,70,0
119,37.35152904857305,40,0,37,4,38,90,0,70,0
120,8.489845049662748,40,0,37,4,67,90,0,70,0
121,25.1492619394177,40,0,37,4,59,90,0,70,0
122,36.18809060558943,40,0,37,4,43,90,0,70,0
123,17.380794983543336,40,0,37,4,30,90,0,70,0
124,37.81070951243018,40,0,37,4,56,90,0,70,0
125,3.093170671678095,40,0,37,4,47,90,0,70,0
126,9.552786900139111,40,0,37,4,53,90,0,70,0
127,26.91088743733809,40,0,37,4,43,90,0,70,0
128,48.907639457086304,40,0,37,4,32,90,0,70,0
129,21.720134305476503,40,0,37,4,30,90,0,70,0
130,32.77507796988087,40,0,37,4,58,90,0,70,0
131,18.02925987200895,40,0,37,4,58,90,0,70,0
132,48.490663185969815,40,0,37,4,45,90,0,70,0
133,21.866530453929588,40,0,37,4,55,90,0,70,0
134,18.361719354521895,40,0,37,4,54,90,0,70,0
135,35.3078184472665,40,0,37,4,58,90,0,70,0
136,21.60658564508794,40,0,37,4,37,90,0,70,0
137,12.882037665371179,40,0,37,4,43,90,0,70,0
138,40.117035647388555,40,0,37,4,68,90,0,70,0
139,23.942910239605997,40,0,37,4,41,90,0,70,0
140,33.357040729669905,40,0,37,4,40,90,0,70,0
141,49.78065739810202,40,0,37,4,49,90,0,70,0
142,17.837286622502457,40,0,37,4,57,90,0,70,0
143,17.79773884695537,40,0,37,4,56,90,0,70,0
144,13.866870616782954,40,0,37,4,61,90,0,70,0
145,34.33986553269489,40,0,37,4,35,90,0,70,0
146,18.99247639524112,40,0,37,4,65,90,0,70,0
147,19.83182019950725,40,0,37,4,36,90,0,70,0
148,37.291187256606285,40,0,37,4,60,90,0,70,0
149,38.150279308489054,40,0,37,4,70,90,0,70,0
150,41.821905853788905,40,0,37,4,31,90,0,70,0
151,47.980708629123626,40,0,37,4,36,90,0,70,0
152,26.80852681414776,40,0,37,4,66,90,0,70,0
153,4.795224830579784,40,0,37,4,42,90,0,70,0
154,37.42274882053637,40,0,37,4,30,90,0,70,0
155,30.627247236498402,40,0,37,4,69,90,0,70,0
156,9.777149651876071,40,0,37,4,32,90,0,70,0
157,9.922666971658622,40,0,37,4,45,90,0,70,0
158,12.804544137728925,40,0,37,4,69,90,0,70,0
159,25.3441262660847,40,0,37,4,58,90,0,70,0
160,41.8706395544389,40,0,37,4,39,90,0,70,0
161,22.772031249678776,40,0,37,4,53,90,0,70,0
162,33.4352054005073,40,0,37,4,59,90,0,70,0
163,43.10333285386487,40,0,37,4,50,90,0,70,0
164,7.397254655457708,40,0,37,4,64,90,0,70,0
165,5.3711802456872455,40,0,37,4,49,90,0,70,0
166,37.1018631316153,40,0,37,4,59,90,0,70,0
167,39.137397548340815,40,0,37,4,58,90,0,70,0
168,48.62323903507853,40,0,37,4,30,90,0,70,0
169,19.926790577807164,40,0,37,4,47,90,0,70,0
170,5.803136914722451,40,0,37,4,63,90,0,70,0
171,26.480579811459826,40,0,37,4,60,90,0,70,0
172,29.16343542978208,40,0,37,4,33,90,0,70,0
173,18.185009561964165,40,0,37,4,58,90,0,70,0
174,37.03750814513732,40,0,37,4,57,90,0,70,0
175,6.808072859173553,40,0,37,4,54,90,0,70,0
176,3.0194693044497924,40,0,37,4,48,90,0,70,0
177,27.392594074283604,40,0,37,4,32,90,0,70,0
178,42.44463824679572,40,0,37,4,68,90,0,70,0
179,9.34216343085211,40,0,37,4,55,90,0,70,0
180,17.948672014350663,40,0,37,4,66,90,0,70,0
181,41.69750687176793,40,0,37,4,46,90,0,70,0
182,18.812477674122686,40,0,37,4,47,90,0,70,0
183,37.489301492353135,40,0,37,4,32,90,0,70,0
184,39.494462917824166,40,0,37,4,46,90,0,70,0
185,31.106333200403935,40,0,37,4,55,90,0,70,0
186,18.84120716244226,40,0,37,4,44,90,0,70,0
187,41.15295712210735,40,0,37,4,42,90,0,70,0
188,32.440088792358196,40,0,37,4,58,90,0,70,0
189,49.51751970170345,40,0,37,4,69,90,0,70,0
190,29.013243899588993,40,0,37,4,69,90,0,70,0
191,0.40154700334940063,40,0,37,4,60,90,0,70,0
192,13.826038833102295,40,0,37,4,48,90,0,70,0
193,17.363275985594704,40,0,37,4,42,90,0,70,0
194,30.15741853492857,40,0,37,4,45,90,0,70,0
195,35.972456956287644,40,0,37,4,60,90,0,70,0
196,38.08624360307333,40,0,37,4,56,90,0,70,0
197,26.875759358684846,40,0,37,4,36,90,0,70,0
198,29.778081801809563,40,0,37,4,64,90,0,70,0
199,26.59382169073932,40,0,37,4,41,90,0,70,0
200,1.4424246091698567,40,0,37,4,35,90,0,70,0
201,6.875261776722574,40,0,37,4,60,90,0,70,0
202,21.73815500124291,40,0,37,4,59,90,0,70,0
203,36.60080736130922,40,0,37,4,33,90,0,70,0
204,33.36360181326354,40,0,37,4,50,90,0,70,0
205,30.908766962039913,40,0,37,4,37,90,0,70,0
206,19.118595946993366,40,0,37,4,49,90,0,70,0
207,33.64004365335029,40,0,37,4,52,90,0,70,0
208,22.543294487942344,40,0,37,4,38,90,0,70,0
209,16.97799010779534,40,0,37,4,47,90,0,70,0
210,47.337736618590284,40,0,37,4,65,90,0,70,0
211,8.996406641542487,40,0,37,4,38,90,0,70,0
212,43.847087646882486,40,0,37,4,69,90,0,70,0
213,16.168937115744356,40,0,37,4,43,90,0,70,0
214,47.052437575831306,40,0,37,4,34,90,0,70,0
215,12.546474586785514,40,0,37,4,31,90,0,70,0
216,16.10001155858056,40,0,37,4,55,90,0,70,0
217,25.660028771918547,40,0,37,4,59,90,0,70,0
218,36.723061860861094,40,0,37,4,40,90,0,70,0
219,21.63928543250069,40,0,37,4,62,90,0,70,0
220,5.8309273340022685,40,0,37,4,69,90,0,70,0
221,4.310414663359574,40,0,37,4,40,90,0,70,0
222,32.33204954674769,40,0,37,4,64,90,0,70,0
223,3.1427351971260786,40,0,37,4,64,90,0,70,0
224,40.75268302820636,40,0,37,4,51,90,0,70,0
225,28.294210668958343,40,0,37,4,37,90,0,70,0
226,30.625984381153472,40,0,37,4,48,90,0,70,0
227,24.119110227846562,40,0,37,4,67,90,0,70,0
228,12.04249796500001,40,0,37,4,64,90,0,70,0
229,15.250804076733559,40,0,37,4,54,90,0,70,0
230,21.972631333396393,40,0,37,4,43,90,0,70,0
231,0.6840584308061448,40,0,37,4,38,90,0,70,0
232,20.28895430824514,40,0,37,4,42,90,0,70,0
233,36.35113979763649,40,0,37,4,30,90,0,70,0
234,31.203212366573112,40,0,37,4,62,90,0,70,0
235,46.202233356045554,40,0,37,4,45,90,0,70,0
236,43.285577051818066,40,0,37,4,34,90,0,70,0
237,8.953455592716598,40,0,37,4,49,90,0,70,0
238,39.34554087191481,40,0,37,4,49,90,0,70,0
239,34.61512156260035,40,0,37,4,51,90,0,70,0
240,9.346567035779486,40,0,37,4,70,90,0,70,0
241,37.60439203346709,40,0,37,4,62,90,0,70,0
242,4.538641809059962,40,0,37,4,40,90,0,70,0
243,12.141551472712475,40,0,37,4,35,90,0,70,0
244,9.16263971150022,40,0,37,4,56,90,0,70,0
245,7.224504744367288,40,0,37,4,36,90,0,70,0
246,20.80896019065449,40,0,37,4,43,90,0,70,0
247,39.14755273105255,40,0,37,4,52,90,0,70,0
248,26.692403816444966,40,0,37,4,69,90,0,70,0
249,22.108784857407205,40,0,37,4,54,90,0,70,0
250,1.9341955814111689,40,0,37,4,55,90,0,70,0
251,24.899796832813546,40,0,37,4,46,90,0,70,0
252,43.48392399087303,40,0,37,4,49,90,0,70,0
253,29.21297105692905,40,0,37,4,30,90,0,70,0
254,8.85400790299322,40,0,37,4,45,90,0,70,0
255,23.10567231652027,40,0,37,4,67,90,0,70,0
256,8.166714153323007,40,0,37,4,42,90,0,70,0
257,13.301320758157587,40,0,37,4,67,90,0,70,0
258,46.303348730862496,40,0,37,4,56,90,0,70,0
259,48.52490947953453,40,0,37,4,35,90,0,70,0
260,37.12321860893955,40,0,37,4,37,90,0,70,0
261,7.230279894679981,40,0,37,4,30,90,0,70,0
262,16.018337087203438,40,0,37,4,70,90,0,70,0
263,23.831586803151904,40,0,37,4,65,90,0,70,0
264,12.419140478337221,40,0,37,4,33,90,0,70,0
265,9.179680365663586,40,0,37,4,58,90,0,70,0
266,4.364415791973919,40,0,37,4,41,90,0,70,0
267,30.992374496607567,40,0,37,4,56,90,0,70,0
268,11.68899928118522,40,0,37,4,31,90,0,70,0
269,10.08967064830606,40,0,37,4,40,90,0,70,0
270,16.772069568416725,40,0,37,4,39,90,0,70,0
271,49.8578047783474,40,0,37,4,47,90,0,70,0
272,20.251194800144873,40,0,37,4,70,90,0,70,0
273,32.454490737253636,40,0,37,4,63,90,0,70,0
274,46.869473112397486,40,0,37,4,32,90,0,70,0
275,10.953078629263546,40,0,37,4,56,90,0,70,0
276,20.27817121139931,40,0,37,4,53,90,0,70,0
277,40.10425872270875,40,0,37,4,68,90,0,70,0
278,21.760702292242343,40,0,37,4,51,90,0,70,0
279,32.241996429142816,40,0,37,4,49,90,0,70,0
280,11.49972668099619,40,0,37,4,61,90,0,70,0
281,41.35700511490013,40,0,37,4,36,90,0,70,0
282,31.459492823086038,40,0,37,4,53,90,0,70,0
283,25.167239307179777,40,0,37,4,62,90,0,70,0
284,4.833985480819692,40,0,37,4,41,90,0,70,0
285,14.66270523362087,40,0,37,4,39,90,0,70,0
286,30.326387764275943,40,0,37,4,50,90,0,70,0
287,12.13724029148403,40,0,37,4,47,90,0,70,0
288,6.189809072408735,40,0,37,4,38,90,0,70,0
289,42.17649661047147,40,0,37,4,63,90,0,70,0
290,14.17756710817284,40,0,37,4,44,90,0,70,0
291,16.484127564163614,40,0,37,4,44,90,0,70,0
292,34.70444017723467,40,0,37,4,45,90,0,70,0
293,8.274782699869277,40,0,37,4,69,90,0,70,0
294,46.05195399575659,40,0,37,4,45,90,0,70,0
295,38.23978976086073,40,0,37,4,39,90,0,70,0
296,27.050576879101328,40,0,37,4,64,90,0,70,0
297,38.16018135228211,40,0,37,4,52,90,0,70,0
298,32.431236850860984,40,0,37,4,45,90,0,70,0
299,22.50685910192217,40,0,37,4,56,90,0,70,0
300,15.62457380824192,40,0,37,4,47,90,0,70,0
301,21.104573481334,40,0,37,4,63,90,0,70,0
302,23.859642576971467,40,0,37,4,34,90,0,70,0
303,44.214256173054025,40,0,37,4,34,90,0,70,0
304,26.061625663001987,40,0,37,4,46,90,0,70,0
305,23.99020267563896,40,0,37,4,55,90,0,70,0
306,20.496355837070222,40,0,37,4,34,90,0,70,0
307,48.8755646965499,40,0,37,4,45,90,0,70,0
308,8.914037336699465,40,0,37,4,52,90,0,70,0
309,12.842453167494916,40,0,37,4,32,90,0,70,0
310,41.81123676704951,40,0,37,4,34,90,0,70,0
311,26.518796556225894,40,0,37,4,31,90,0,70,0
312,8.774207981945025,40,0,37,4,52,90,0,70,0
313,5.265543039552014,40,0,37,4,38,90,0,70,0
314,5.6775220858278885,40,0,37,4,70,90,0,70,0
315,4.829162596061288,40,0,37,4,37,90,0,70,0
316,11.43726065624675,40,0,37,4,42,90,0,70,0
317,35.77853957802323,40,0,37,4,64,90,0,70,0
318,36.34347330499066,40,0,37,4,30,90,0,70,0
319,0.3201074090365519,40,0,37,4,65,90,0,70,0
320,41.25662842478168,40,0,37,4,51,90,0,70,0
321,40.393835800132976,40,0,37,4,41,90,0,70,0
322,18.833237168768775,40,0,37,4,52,90,0,70,0
323,21.11214648878331,40,0,37,4,63,90,0,70,0
324,38.15133628938979,40,0,37,4,46,90,0,70,0
325,47.16185748486731,40,0,37,4,41,90,0,70,0
326,1.7166693539194853,40,0,37,4,63,90,0,70,0
327,15.401056585548176,40,0,37,4,63,90,0,70,0
328,40.933882850378836,40,0,37,4,39,90,0,70,0
329,26.636407686638684,40,0,37,4,55,90,0,70,0
330,20.09482295031671,40,0,37,4,59,90,0,70,0
331,21.714090745612424,40,0,37,4,45,90,0,70,0
332,32.17604598348316,40,0,37,4,54,90,0,70,0
333,10.45039070549314,40,0,37,4,63,90,0,70,0
334,4.9591546712338115,40,0,37,4,56,90,0,70,0
335,27.97415437101456,40,0,37,4,42,90,0,70,0
336,42.33547312897353,40,0,37,4,36,90,0,70,0
337,21.715280166802557,40,0,37,4,33,90,0,70,0
338,29.34392886635102,40,0,37,4,48,90,0,70,0
339,19.172730842526448,40,0,37,4,50,90,0,70,0
340,36.05272778927552,40,0,37,4,62,90,0,70,0
341,35.5668379225699,40,0,37,4,40,90,0,70,0
342,30.01377526337593,40,0,37,4,68,90,0,70,0
343,28.053804091358657,40,0,37,4,58,90,0,70,0
344,20.05200658887326,40,0,37,4,50,90,0,70,0
345,10.358267156364843,40,0,37,4,40,90,0,70,0
346,39.132114195585416,40,0,37,4,43,90,0,70,0
347,24.138611088304497,40,0,37,4,65,90,0,70,0
348,5.555651787563562,40,0,37,4,34,90,0,70,0
349,41.63614621562024,40,0,37,4,30,90,0,70,0
350,28.585590964387947,40,0,37,4,52,90,0,70,0
351,44.064532268773675,40,0,37,4,34,90,0,70,0
352,1.7263694952082105,40,0,37,4,36,90,0,70,0
353,1.2043888693444416,40,0,37,4,45,90,0,70,0
354,26.67404187840531,40,0,37,4,60,90,0,70,0
355,24.12437992325914,40,0,37,4,45,90,0,70,0
356,5.696747871182972,40,0,37,4,51,90,0,70,0
357,30.630564509977503,40,0,37,4,37,90,0,70,0
358,13.738058780978513,40,0,37,4,51,90,0,70,0
359,9.133294356483916,40,0,37,4,68,90,0,70,0
360,19.36220432875325,40,0,37,4,45,90,0,70,0
361,49.92383111503119,40,0,37,4,70,90,0,70,0
362,21.33627405238407,40,0,37,4,60,90,0,70,0
363,19.60160525920743,40,0,37,4,43,90,0,70,0
364,43.25256494729695,40,0,37,4,41,90,0,70,0
365,15.307421797705373,40,0,37,4,52,90,0,70,0
366,0.2906312053571938,40,0,37,4,66,90,0,70,0
367,36.963000450367915,40,0,37,4,45,90,0,70,0
368,15.958500445715874,40,0,37,4,67,90,0,70,0
369,26.304575112761096,40,0,37,4,68,90,0,70,0
370,48.81850239825369,40,0,37,4,60,90,0,70,0
371,48.18366561468726,40,0,37,4,40,90,0,70,0
372,32.56592375229942,40,0,37,4,39,90,0,70,0
373,5.28614206652408,40,0,37,4,37,90,0,70,0
374,45.49747638172347,40,0,37,4,59,90,0,70,0
375,47.93124071250509,40,0,37,4,44,90,0,70,0
376,7.466328034946642,40,0,37,4,57,90,0,70,0
377,32.06682453014403,40,0,37,4,56,90,0,70,0
378,45.50216774433187,40,0,37,4,50,90,0,70,0
379,47.69461704558083,40,0,37,4,51,90,0,70,0
380,28.734040123567915,40,0,37,4,41,90,0,70,0
381,23.255818064306325,40,0,37,4,50,90,0,70,0
382,21.837753745129845,40,0,37,4,47,90,0,70,0
383,20.40565153955273,40,0,37,4,60,90,0,70,0
384,39.99425033326722,40,0,37,4,33,90,0,70,0
385,19.89548971013508,40,0,37,4,47,90,0,70,0
386,9.729912349742499,40,0,37,4,61,90,0,70,0
387,4.297314992056712,40,0,37,4,40,90,0,70,0
388,32.27634659056358,40,0,37,4,65,90,0,70,0
389,13.778155152000537,40,0,37,4,37,90,0,70,0
390,32.16255997201382,40,0,37,4,51,90,0,70,0
391,47.948919535229905,40,0,37,4,65,90,0,70,0
392,7.534910348471458,40,0,37,4,39,90,0,70,0
393,45.61916113542512,40,0,37,4,58,90,0,70,0
394,33.81211609586406,40,0,37,4,68,90,0,70,0
395,41.28902809800971,40,0,37,4,47,90,0,70,0
396,14.849750256801059,40,0,37,4,48,90,0,70,0
397,19.6846532279271,40,0,37,4,50,90,0,70,0
398,22.501271434983217,40,0,37,4,46,90,0,70,0
399,37.7181423325399,40,0,37,4,46,90,0,70,0
400,9.585843120944126,40,0,37,4,52,90,0,70,0
401,40.55748596155793,40,0,37,4,60,90,0,70,0
402,46.13720843829057,40,0,37,4,68,90,0,70,0
403,42.70254200731347,40,0,37,4,59,90,0,70,0
404,43.211062140309124,40,0,37,4,63,90,0,70,0
405,46.37656381097625,40,0,37,4,52,90,0,70,0
406,38.420846003167284,40,0,37,4,67,90,0,70,0
407,45.4901946074269,40,0,37,4,54,90,0,70,0
408,45.50660297065401,40,0,37,4,68,90,0,70,0
409,38.93371172446058,40,0,37,4,46,90,0,70,0
410,40.10316091242703,40,0,37,4,57,90,0,70,0
411,13.123009753635294,40,0,37,4,53,90,0,70,0
412,19.525718778592815,40,0,37,4,51,90,0,70,0
413,37.39490550719732,40,0,37,4,64,90,0,70,0
414,4.8847819217494575,40,0,37,4,40,90,0,70,0
415,28.747402659742377,40,0,37,4,68,90,0,70,0
416,36.08345958446496,40,0,37,4,34,90,0,70,0
417,19.130697065750002,40,0,37,4,38,90,0,70,0
418,28.77840714710227,40,0,37,4,45,90,0,70,0
419,12.931143014199456,40,0,37,4,30,90,0,70,0
420,48.62765845534308,40,0,37,4,47,90,0,70,0
421,35.28030051695629,40,0,37,4,50,90,0,70,0
422,15.574889202013509,40,0,37,4,31,90,0,70,0
423,7.610834729919468,40,0,37,4,42,90,0,70,0
424,23.30289886182591,40,0,37,4,41,90,0,70,0
425,18.656959137933814,40,0,37,4,67,90,0,70,0
426,23.506992324075497,40,0,37,4,54,90,0,70,0
427,33.311787632038005,40,0,37,4,53,90,0,70,0
428,36.913411095342724,40,0,37,4,56,90,0,70,0
429,8.716919755174246,40,0,37,4,65,90,0,70,0
430,37.00712999287206,40,0,37,4,54,90,0,70,0
431,29.753271079819427,40,0,37,4,69,90,0,70,0
432,48.95267283253355,40,0,37,4,69,90,0,70,0
433,32.391354850795565,40,0,37,4,42,90,0,70,0
434,10.628581755985202,40,0,37,4,61,90,0,70,0
435,40.606239546682104,40,0,37,4,32,90,0,70,0
436,16.220681802755454,40,0,37,4,49,90,0,70,0
437,2.8984965624393344,40,0,37,4,67,90,0,70,0
438,2.1222859399425364,40,0,37,4,40,90,0,70,0
439,38.57985354077215,40,0,37,4,46,90,0,70,0
440,48.56473881185117,40,0,37,4,49,90,0,70,0
441,37.37790791339522,40,0,37,4,31,90,0,70,0
442,41.67239895229794,40,0,37,4,69,90,0,70,0
443,49.351709897151196,40,0,37,4,67,90,0,70,0
444,20.60122381684376,40,0,37,4,30,90,0,70,0
445,32.16749659009825,40,0,37,4,58,90,0,70,0
446,2.8179381077965004,40,0,37,4,68,90,0,70,0
447,32.2242046495106,40,0,37,4,33,90,0,70,0
448,43.32248588654637,40,0,37,4,58,90,0,70,0
449,35.61834524536633,40,0,37,4,64,90,0,70,0
450,29.254578473015425,40,0,37,4,58,90,0,70,0
451,17.044648003825742,40,0,37,4,37,90,0,70,0
452,27.336579045446243,40,0,37,4,50,90,0,70,0
453,15.40790607049104,40,0,37,4,31,90,0,70,0
454,33.696559780170496,40,0,37,4,41,90,0,70,0
455,23.483855783233963,40,0,37,4,49,90,0,70,0
456,38.92676660027328,40,0,37,4,59,90,0,70,0
457,26.474213381691243,40,0,37,4,70,90,0,70,0
458,49.46098595319693,40,0,37,4,67,90,0,70,0
459,11.574780507413308,40,0,37,4,46,90,0,70,0
460,22.986565362126054,40,0,37,4,36,90,0,70,0
461,22.622315162852104,40,0,37,4,40,90,0,70,0
462,2.9829749807743013,40,0,37,4,49,90,0,70,0
463,15.831084878640624,40,0,37,4,67,90,0,70,0
464,33.46874571895961,40,0,37,4,43,90,0,70,0
465,41.862496929076066,40,0,37,4,37,90,0,70,0
466,23.077087632338007,40,0,37,4,63,90,0,70,0
467,39.246437136625026,40,0,37,4,63,90,0,70,0
468,7.589504967683439,40,0,37,4,38,90,0,70,0
469,14.188697093989092,40,0,37,4,42,90,0,70,0
470,33.67751167360444,40,0,37,4,36,90,0,70,0
471,35.13749797108598,40,0,37,4,48,90,0,70,0
472,47.64510238989879,40,0,37,4,30,90,0,70,0
473,42.33011865807789,40,0,37,4,33,90,0,70,0
474,0.12981954726029032,40,0,37,4,63,90,0,70,0
475,41.326469351802665,40,0,37,4,59,90,0,70,0
476,48.63107195155236,40,0,37,4,48,90,0,70,0
477,47.12501907831599,40,0,37,4,61,90,0,70,0
478,39.37005070832026,40,0,37,4,41,90,0,70,0
479,33.81176361054045,40,0,37,4,34,90,0,70,0
480,28.246856997236804,40,0,37,4,43,90,0,70,0
481,19.46080202494255,40,0,37,4,69,90,0,70,0
482,7.531265238518856,40,0,37,4,43,90,0,70,0
483,23.69992485770318,40,0,37,4,66,90,0,70,0
484,3.386205562719823,40,0,37,4,44,90,0,70,0
485,44.75697222774375,40,0,37,4,63,90,0,70,0
486,19.262332480003064,40,0,37,4,47,90,0,70,0
487,23.31240897688587,40,0,37,4,36,90,0,70,0
488,22.822710248620716,40,0,37,4,57,90,0,70,0
489,9.501775213471738,40,0,37,4,47,90,0,70,0
490,9.709639163057481,40,0,37,4,55,90,0,70,0
491,17.793158948690746,40,0,37,4,67,90,0,70,0
492,32.228343300322564,40,0,37,4,31,90,0,70,0
493,35.23058765161097,40,0,37,4,66,90,0,70,0
494,23.79710087696131,40,0,37,4,63,90,0,70,0
495,22.252320372298044,40,0,37,4,68,90,0,70,0
496,11.806659384824803,40,0,37,4,36,90,0,70,0
497,49.17298284630651,40,0,37,4,56,90,0,70,0
498,36.60833987655323,40,0,37,4,41,90,0,70,0
499,18.706744792515778,40,0,37,4,37,90,0,70,0
500,20.641778274954248,40,0,37,4,39,90,0,70,0
501,49.495505342019456,40,0,37,4,55,90,0,70,0
502,26.45875338730309,40,0,37,4,48,90,0,70,0
503,34.685272846942155,40,0,37,4,45,90,0,70,0
504,31.635109977244326,40,0,37,4,65,90,0,70,0
505,6.285913032091084,40,0,37,4,60,90,0,70,0
506,5.5376115498991325,40,0,37,4,65,90,0,70,0
507,43.9266449207675,40,0,37,4,35,90,0,70,0
508,23.559795075386063,40,0,37,4,70,90,0,70,0
509,35.371432758496866,40,0,37,4,30,90,0,70,0
510,8.75912763594392,40,0,37,4,51,90,0,70,0
511,33.4507928296007,40,0,37,4,62,90,0,70,0
512,37.53120015568405,40,0,37,4,32,90,0,70,0
513,11.646451137088263,40,0,37,4,45,90,0,70,0
514,33.35498295721659,40,0,37,4,35,90,0,70,0
515,17.780492504852894,40,0,37,4,52,90,0,70,0
516,40.743230234453954,40,0,37,4,60,90,0,70,0
517,14.567601714277401,40,0,37,4,52,90,0,70,0
518,34.96478766101284,40,0,37,4,59,90,0,70,0
519,10.601809998594492,40,0,37,4,56,90,0,70,0
520,3.64297420430497,40,0,37,4,38,90,0,70,0
521,20.029816642751342,40,0,37,4,60,90,0,70,0
522,14.069996923031269,40,0,37,4,51,90,0,70,0
523,2.784192991080925,40,0,37,4,57,90,0,70,0
524,8.985668995516328,40,0,37,4,61,90,0,70,0
525,6.609707710329083,40,0,37,4,70,90,0,70,0
526,29.90704912474736,40,0,37,4,55,90,0,70,0
527,33.79040505489219,40,0,37,4,65,90,0,70,0
528,45.7520661992358,40,0,37,4,68,90,0,70,0
529,34.556750655571534,40,0,37,4,59,90,0,70,0
530,48.11556554506018,40,0,37,4,51,90,0,70,0
531,21.707783659117325,40,0,37,4,54,90,0,70,0
532,29.8959700291158,40,0,37,4,46,90,0,70,0
533,4.647929917070691,40,0,37,4,42,90,0,70,0
534,37.252451891978886,40,0,37,4,55,90,0,70,0
535,19.87330502833261,40,0,37,4,64,90,0,70,0
536,42.75507818518487,40,0,37,4,45,90,0,70,0
537,12.939256067003846,40,0,37,4,57,90,0,70,0
538,46.763346383078265,40,0,37,4,66,90,0,70,0
539,3.998574901803906,40,0,37,4,66,90,0,70,0
540,20.927519071498757,40,0,37,4,67,90,0,70,0
541,22.622004506700698,40,0,37,4,59,90,0,70,0
542,21.039776119325783,40,0,37,4,45,90,0,70,0
543,41.711717841029525,40,0,37,4,40,90,0,70,0
544,15.599370110930124,40,0,37,4,69,90,0,70,0
545,49.29003332749683,40,0,37,4,55,90,0,70,0
546,45.70273963114748,40,0,37,4,35,90,0,70,0
547,42.9310009122717,40,0,37,4,44,90,0,70,0
548,10.056100492904328,40,0,37,4,65,90,0,70,0
549,23.639190193496574,40,0,37,4,55,90,0,70,0
550,46.72748065725723,40,0,37,4,40,90,0,70,0
551,38.05649905437852,40,0,37,4,51,90,0,70,0
552,25.322860007721392,40,0,37,4,65,90,0,70,0
553,38.53160314964586,40,0,37,4,32,90,0,70,0
554,33.58972066008611,40,0,37,4,36,90,0,70,0
555,1.3915685186829951,40,0,37,4,32,90,0,70,0
556,27.923749022649247,40,0,37,4,35,90,0,70,0
557,39.221636413077576,40,0,37,4,54,90,0,70,0
558,45.79666971836912,40,0,37,4,60,90,0,70,0
559,37.12499260144081,40,0,37,4,62,90,0,70,0
560,17.921660841176035,40,0,37,4,41,90,0,70,0
561,48.62977457382134,40,0,37,4,63,90,0,70,0
562,29.69334657040085,40,0,37,4,62,90,0,70,0
563,36.07435591509239,40,0,37,4,50,90,0,70,0
564,23.04671091751699,40,0,37,4,39,90,0,70,0
565,9.64685741717597,40,0,37,4,49,90,0,70,0
566,3.263137115749548,40,0,37,4,54,90,0,70,0
567,23.717856986756736,40,0,37,4,46,90,0,70,0
568,29.946655671681853,40,0,37,4,68,90,0,70,0
569,45.54731020681794,40,0,37,4,55,90,0,70,0
570,0.905178994894527,40,0,37,4,48,90,0,70,0
571,30.72896294375522,40,0,37,4,40,90,0,70,0
572,23.426555690230714,40,0,37,4,49,90,0,70,0
573,15.095643713947723,40,0,37,4,69,90,0,70,0
574,5.0410447677388,40,0,37,4,68,90,0,70,0
575,17.032094761114138,40,0,37,4,54,90,0,70,0
576,24.317272027518683,40,0,37,4,45,90,0,70,0
577,39.759692566435746,40,0,37,4,59,90,0,70,0
578,15.71058804939388,40,0,37,4,45,90,0,70,0
579,19.800656060895562,40,0,37,4,34,90,0,70,0
580,42.53870437020267,40,0,37,4,48,90,0,70,0
581,3.1232209173758037,40,0,37,4,47,90,0,70,0
582,48.79427429381447,40,0,37,4,47,90,0,70,0
583,32.488289414424706,40,0,37,4,32,90,0,70,0
584,26.970520535959565,40,0,37,4,58,90,0,70,0
585,49.54870441973609,40,0,37,4,46,90,0,70,0
586,34.18174133876863,40,0,37,4,41,90,0,70,0
587,6.358157264877697,40,0,37,4,53,90,0,70,0
588,41.36305271305312,40,0,37,4,59,90,0,70,0
589,34.12126192576176,40,0,37,4,55,90,0,70,0
590,34.99309554961053,40,0,37,4,50,90,0,70,0
591,32.61265632799535,40,0,37,4,54,90,0,70,0
592,10.41049318452815,40,0,37,4,31,90,0,70,0
593,22.56821636881827,40,0,37,4,50,90,0,70,0
594,1.4086174293664229,40,0,37,4,55,90,0,70,0
595,47.27629392463544,40,0,37,4,51,90,0,70,0
596,15.813465707463736,40,0,37,4,60,90,0,70,0
597,4.574083466513057,40,0,37,4,68,90,0,70,0
598,24.12487182813148,40,0,37,4,44,90,0,70,0
599,16.06235463395757,40,0,37,4,49,90,0,70,0
600,1.5479562284099089,40,0,37,4,65,90,0,70,0
601,39.44713647366963,40,0,37,4,41,90,0,70,0
602,5.438172105574246,40,0,37,4,60,90,0,70,0
603,28.436872077461487,40,0,37,4,41,90,0,70,0
604,6.060364902481874,40,0,37,4,58,90,0,70,0
605,45.6932492189045,40,0,37,4,33,90,0,70,0
606,42.0609703850059,40,0,37,4,52,90,0,70,0
607,15.272921212130782,40,0,37,4,67,90,0,70,0
608,33.50163557928286,40,0,37,4,42,90,0,70,0
609,10.869944463088018,40,0,37,4,50,90,0,70,0
610,31.78606278007137,40,0,37,4,70,90,0,70,0
611,39.97832077181907,40,0,37,4,46,90,0,70,0
612,4.116902478841965,40,0,37,4,69,90,0,70,0
613,12.523628879716618,40,0,37,4,58,90,0,70,0
614,2.8325921248089827,40,0,37,4,53,90,0,70,0
615,43.27349471974429,40,0,37,4,52,90,0,70,0
616,23.17628071256902,40,0,37,4,49,90,0,70,0
617,35.308749478073224,40,0,37,4,37,90,0,70,0
618,39.368512193990476,40,0,37,4,50,90,0,70,0
619,0.5083669808601865,40,0,37,4,47,90,0,70,0
620,25.176207274037424,40,0,37,4,46,90,0,70,0
621,4.3701254870609745,40,0,37,4,58,90,0,70,0
622,3.5893125016587035,40,0,37,4,32,90,0,70,0
623,10.205982181740625,40,0,37,4,46,90,0,70,0
624,16.356425993175527,40,0,37,4,63,90,0,70,0
625,0.3670649435012052,40,0,37,4,57,90,0,70,0
626,2.938976456582665,40,0,37,4,67,90,0,70,0
627,44.57708850580369,40,0,37,4,37,90,0,70,0
628,43.29273493105087,40,0,37,4,35,90,0,70,0
629,5.408959899166767,40,0,37,4,55,90,0,70,0
630,7.163552455095646,40,0,37,4,35,90,0,70,0
631,23.123926975171848,40,0,37,4,64,90,0,70,0
632,14.410667234555596,40,0,37,4,55,90,0,70,0
633,38.71693017574258,40,0,37,4,62,90,0,70,0
634,11.670931147829055,40,0,37,4,46,90,0,70,0
635,36.96828877150847,40,0,37,4,54,90,0,70,0
636,44.01476180258143,40,0,37,4,53,90,0,70,0
637,40.69547365450411,40,0,37,4,41,90,0,70,0
638,18.898215170299583,40,0,37,4,31,90,0,70,0
639,49.870358002327265,40,0,37,4,51,90,0,70,0
640,29.037358617902886,40,0,37,4,35,90,0,70,0
641,31.667489852714027,40,0,37,4,30,90,0,70,0
642,39.629989874945,40,0,37,4,51,90,0,70,0
643,43.40328297613429,40,0,37,4,31,90,0,70,0
644,6.578912863453401,40,0,37,4,39,90,0,70,0
645,49.348386674662926,40,0,37,4,61,90,0,70,0
646,48.30019767682779,40,0,37,4,69,90,0,70,0
647,19.065196656254724,40,0,37,4,62,90,0,70,0
648,27.27028227075551,40,0,37,4,40,90,0,70,0
649,44.33435927370604,40,0,37,4,33,90,0,70,0
650,35.665479176894934,40,0,37,4,39,90,0,70,0
651,32.50445870334602,40,0,37,4,42,90,0,70,0
652,19.77329806689967,40,0,37,4,30,90,0,70,0
653,43.013127502932235,40,0,37,4,58,90,0,70,0
654,6.118690920284298,40,0,37,4,53,90,0,70,0
655,19.45094945572198,40,0,37,4,66,90,0,70,0
656,2.1386103861791312,40,0,37,4,41,90,0,70,0
657,31.173266741462285,40,0,37,4,34,90,0,70,0
658,23.563704592141534,40,0,37,4,69,90,0,70,0
659,19.544078561798344,40,0,37,4,59,90,0,70,0
660,15.221324170574405,40,0,37,4,31,90,0,70,0
661,0.6554708994568301,40,0,37,4,62,90,0,70,0
662,3.181162422455806,40,0,37,4,33,90,0,70,0
663,21.92966696876314,40,0,37,4,52,90,0,70,0
664,43.16783358404791,40,0,37,4,60,90,0,70,0
665,37.948837355468726,40,0,37,4,48,90,0,70,0
666,40.247975148605974,40,0,37,4,59,90,0,70,0
667,19.8552911906947,40,0,37,4,45,90,0,70,0
668,41.909549878271264,40,0,37,4,64,90,0,70,0
669,24.95659476099783,40,0,37,4,61,90,0,70,0
670,4.901278702584037,40,0,37,4,57,90,0,70,0
671,23.227555647680543,40,0,37,4,58,90,0,70,0
672,33.159545958917164,40,0,37,4,48,90,0,70,0
673,21.858225948112565,40,0,37,4,50,90,0,70,0
674,26.608583022923696,40,0,37,4,65,90,0,70,0
675,30.87695557530299,40,0,37,4,53,90,0,70,0
676,42.075173812111224,40,0,37,4,32,90,0,70,0
677,24.773877109958846,40,0,37,4,60,90,0,70,0
678,37.45341130447879,40,0,37,4,42,90,0,70,0
679,20.09144673544967,40,0,37,4,51,90,0,70,0
680,46.21918783794304,40,0,37,4,32,90,0,70,0
681,26.600063161657232,40,0,37,4,49,90,0,70,0
682,31.59581348737987,40,0,37,4,30,90,0,70,0
683,41.1445748356513,40,0,37,4,32,90,0,70,0
684,2.61513233016607,40,0,37,4,45,90,0,70,0
685,32.224992255169994,40,0,37,4,46,90,0,70,0
686,6.938718538585206,40,0,37,4,53,90,0,70,0
687,20.125405048569434,40,0,37,4,60,90,0,70,0
688,17.47901662951392,40,0,37,4,38,90,0,70,0
689,25.556629240475033,40,0,37,4,58,90,0,70,0
690,7.905430776046096,40,0,37,4,53,90,0,70,0
691,30.949763260486197,40,0,37,4,50,90,0,70,0
692,28.07429445116243,40,0,37,4,35,90,0,70,0
693,7.859165533556492,40,0,37,4,56,90,0,70,0
694,38.46081567850264,40,0,37,4,53,90,0,70,0
695,40.08954209713714,40,0,37,4,65,90,0,70,0
696,28.874598108948774,40,0,37,4,34,90,0,70,0
697,3.351095226650036,40,0,37,4,40,90,0,70,0
698,30.328961011285642,40,0,37,4,57,90,0,70,0
699,22.722828737593616,40,0,37,4,43,90,0,70,0
700,17.61002727467922,40,0,37,4,41,90,0,70,0
701,27.913179256469476,40,0,37,4,69,90,0,70,0
702,48.27120179914334,40,0,37,4,65,90,0,70,0
703,43.87880191253052,40,0,37,4,46,90,0,70,0
704,17.443646763531063,40,0,37,4,52,90,0,70,0
705,3.134196199304661,40,0,37,4,62,90,0,70,0
706,7.798092305002825,40,0,37,4,35,90,0,70,0
707,27.422098620305917,40,0,37,4,47,90,0,70,0
708,28.118012259120476,40,0,37,4,43,90,0,70,0
709,9.777210409107962,40,0,37,4,52,90,0,70,0
710,8.470394694866279,40,0,37,4,56,90,0,70,0
711,3.276227101871687,40,0,37,4,34,90,0,70,0
712,40.594940799606036,40,0,37,4,35,90,0,70,0
713,9.139680984410326,40,0,37,4,36,90,0,70,0
714,49.98925941088342,40,0,37,4,41,90,0,70,0
715,29.659270522811976,40,0,37,4,36,90,0,70,0
716,7.399447272614923,40,0,37,4,41,90,0,70,0
717,33.51680434869776,40,0,37,4,44,90,0,70,0
718,25.333926574325318,40,0,37,4,70,90,0,70,0
719,29.945398512965593,40,0,37,4,48,90,0,70,0
720,39.113967233232856,40,0,37,4,33,90,0,70,0
721,42.587526087026895,40,0,37,4,56,90,0,70,0
722,33.71888028393846,40,0,37,4,67,90,0,70,0
723,32.084927951344625,40,0,37,4,47,90,0,70,0
724,23.28408677484166,40,0,37,4,34,90,0,70,0
725,45.298102428994966,40,0,37,4,32,90,0,70,0
726,42.668634368763946,40,0,37,4,42,90,0,70,0
727,42.44132408355905,40,0,37,4,39,90,0,70,0
728,12.490501384054697,40,0,37,4,48,90,0,70,0
729,35.7245715159989,40,0,37,4,54,90,0,70,0
730,11.466095524120579,40,0,37,4,35,90,0,70,0
731,32.833917153904025,40,0,37,4,35,90,0,70,0
732,17.75377791128153,40,0,37,4,38,90,0,70,0
733,4.628154618500558,40,0,37,4,44,90,0,70,0
734,44.46925210485381,40,0,37,4,46,90,0,70,0
735,31.48850334037071,40,0,37,4,49,90,0,70,0
736,15.737597421687383,40,0,37,4,43,90,0,70,0
737,4.564363786675699,40,0,37,4,59,90,0,70,0
738,44.00469809240039,40,0,37,4,60,90,0,70,0
739,46.41138487652621,40,0,37,4,68,90,0,70,0
740,48.954491658433156,40,0,37,4,37,90,0,70,0
741,1.5364110180704529,40,0,37,4,59,90,0,70,0
742,20.205562724199645,40,0,37,4,60,90,0,70,0
743,41.62756280045505,40,0,37,4,41,90,0,70,0
744,30.892156224849444,40,0,37,4,69,90,0,70,0
745,7.647654093780986,40,0,37,4,54,90,0,70,0
746,12.543565774593901,40,0,37,4,64,90,0,70,0
747,15.548583007949912,40,0,37,4,59,90,0,70,0
748,48.21813424199371,40,0,37,4,52,90,0,70,0
749,33.751583655193485,40,0,37,4,45,90,0,70,0
750,38.63280543777995,40,0,37,4,37,90,0,70,0
751,19.4731422397265,40,0,37,4,43,90,0,70,0
752,17.49288853375333,40,0,37,4,37,90,0,70,0
753,38.27068334549969,40,0,37,4,34,90,0,70,0
754,27.181410243248628,40,0,37,4,41,90,0,70,0
755,13.822659394947346,40,0,37,4,40,90,0,70,0
756,16.19173123360659,40,0,37,4,62,90,0,70,0
757,47.75598097550686,40,0,37,4,56,90,0,70,0
758,30.91351697954663,40,0,37,4,53,90,0,70,0
759,33.432769069692654,40,0,37,4,64,90,0,70,0
760,40.73576143573621,40,0,37,4,63,90,0,70,0
761,14.616795887862693,40,0,37,4,48,90,0,70,0
762,3.1405784032766393,40,0,37,4,31,90,0,70,0
763,23.095963797869985,40,0,37,4,65,90,0,70,0
764,5.779061793783513,40,0,37,4,59,90,0,70,0
765,13.739888794885722,40,0,37,4,47,90,0,70,0
766,12.514983915500963,40,0,37,4,31,90,0,70,0
767,0.1432257933644987,40,0,37,4,62,90,0,70,0
768,30.47153268477659,40,0,37,4,40,90,0,70,0
769,23.292931270517684,40,0,37,4,31,90,0,70,0
770,26.808098616996404,40,0,37,4,64,90,0,70,0
771,17.818958181431853,40,0,37,4,41,90,0,70,0
772,35.25152400833874,40,0,37,4,52,90,0,70,0
773,0.36127949596374265,40,0,37,4,33,90,0,70,0
774,45.13377567670709,40,0,37,4,42,90,0,70,0
775,40.86171573873499,40,0,37,4,67,90,0,70,0
776,32.786088966782586,40,0,37,4,52,90,0,70,0
777,45.50190565260846,40,0,37,4,59,90,0,70,0
778,40.40120104536717,40,0,37,4,44,90,0,70,0
779,8.922647156000385,40,0,37,4,45,90,0,70,0
780,40.73508302521136,40,0,37,4,70,90,0,70,0
781,31.890184520702988,40,0,37,4,43,90,0,70,0
782,2.7649218095820913,40,0,37,4,67,90,0,70,0
783,26.709063099465624,40,0,37,4,32,90,0,70,0
784,45.981396312819726,40,0,37,4,43,90,0,70,0
785,28.82813955979796,40,0,37,4,63,90,0,70,0
786,5.450085003877362,40,0,37,4,55,90,0,70,0
787,6.168814347507954,40,0,37,4,37,90,0,70,0
788,43.91505127613192,40,0,37,4,30,90,0,70,0
789,23.139919875682466,40,0,37,4,50,90,0,70,0
790,19.72373692311777,40,0,37,4,60,90,0,70,0
791,20.715058468360297,40,0,37,4,63,90,0,70,0
792,1.1608155810009393,40,0,37,4,48,90,0,70,0
793,16.60575074221839,40,0,37,4,69,90,0,70,0
794,42.97785368328545,40,0,37,4,52,90,0,70,0
795,49.16872629086502,40,0,37,4,46,90,0,70,0
796,36.543905260824936,40,0,37,4,42,90,0,70,0
797,49.544377585413535,40,0,37,4,52,90,0,70,0
798,2.812809769302438,40,0,37,4,63,90,0,70,0
799,40.83263411278865,40,0,37,4,56,90,0,70,0
800,13.923992994345092,40,0,37,4,47,90,0,70,0
801,31.75576358634399,40,0,37,4,69,90,0,70,0
802,10.658834386126557,40,0,37,4,37,90,0,70,0
803,32.237656800721936,40,0,37,4,46,90,0,70,0
804,22.93068337318441,40,0,37,4,64,90,0,70,0
805,20.427985848384097,40,0,37,4,36,90,0,70,0
806,35.82496626887604,40,0,37,4,64,90,0,70,0
807,49.719105710983335,40,0,37,4,61,90,0,70,0
808,12.077710242978121,40,0,37,4,61,90,0,70,0
809,36.46298257406242,40,0,37,4,38,90,0,70,0
810,40.08455854847922,40,0,37,4,47,90,0,70,0
811,33.1287016360331,40,0,37,4,41,90,0,70,0
812,8.529443982465779,40,0,37,4,38,90,0,70,0
813,36.831433934122046,40,0,37,4,44,90,0,70,0
814,18.503406230970754,40,0,37,4,36,90,0,70,0
815,22.39286863314925,40,0,37,4,46,90,0,70,0
816,13.01577265832988,40,0,37,4,36,90,0,70,0
817,1.7331176507654256,40,0,37,4,61,90,0,70,0
818,27.31833206169857,40,0,37,4,39,90,0,70,0
819,22.500713744886692,40,0,37,4,53,90,0,70,0
820,24.123227893951636,40,0,37,4,31,90,0,70,0
821,34.30488865383687,40,0,37,4,43,90,0,70,0
822,14.090440215410212,40,0,37,4,33,90,0,70,0
823,9.074619546215636,40,0,37,4,54,90,0,70,0
824,0.9640595737725577,40,0,37,4,40,90,0,70,0
825,23.195723365922717,40,0,37,4,56,90,0,70,0
826,20.16551700218868,40,0,37,4,35,90,0,70,0
827,40.66827718680162,40,0,37,4,38,90,0,70,0
828,22.769942658240964,40,0,37,4,64,90,0,70,0
829,17.030289023426477,40,0,37,4,68,90,0,70,0
830,23.683306592487085,40,0,37,4,56,90,0,70,0
831,32.677247751214765,40,0,37,4,46,90,0,70,0
832,44.21071911772112,40,0,37,4,64,90,0,70,0
833,5.996342843414926,40,0,37,4,37,90,0,70,0
834,28.787202022710723,40,0,37,4,59,90,0,70,0
835,8.645095826322681,40,0,37,4,55,90,0,70,0
836,40.84392528115518,40,0,37,4,68,90,0,70,0
837,31.568384808983026,40,0,37,4,66,90,0,70,0
838,30.425566097939694,40,0,37,4,43,90,0,70,0
839,37.566136573389464,40,0,37,4,67,90,0,70,0
840,1.2325896529828406,40,0,37,4,55,90,0,70,0
841,29.616062914022844,40,0,37,4,44,90,0,70,0
842,41.248238666820924,40,0,37,4,37,90,0,70,0
843,40.34085122789459,40,0,37,4,49,90,0,70,0
844,46.54955383493807,40,0,37,4,36,90,0,70,0
845,26.26827878899988,40,0,37,4,69,90,0,70,0
846,13.842309694062626,40,0,37,4,45,90,0,70,0
847,43.906839881995936,40,0,37,4,54,90,0,70,0
848,24.068209507716908,40,0,37,4,55,90,0,70,0
849,28.405131112318273,40,0,37,4,51,90,0,70,0
850,42.22470273534924,40,0,37,4,60,90,0,70,0
851,5.679107636177896,40,0,37,4,70,90,0,70,0
852,48.38642879269419,40,0,37,4,47,90,0,70,0
853,29.57896390027308,40,0,37,4,63,90,0,70,0
854,39.39949260939281,40,0,37,4,41,90,0,70,0
855,21.348432169771797,40,0,37,4,56,90,0,70,0
856,36.97247181380936,40,0,37,4,56,90,0,70,0
857,4.372853030526114,40,0,37,4,56,90,0,70,0
858,23.28782618321934,40,0,37,4,30,90,0,70,0
859,23.712227708407486,40,0,37,4,36,90,0,70,0
860,20.00037650026978,40,0,37,4,46,90,0,70,0
861,10.186802750758705,40,0,37,4,61,90,0,70,0
862,2.6366010520500396,40,0,37,4,44,90,0,70,0
863,48.45796220096599,40,0,37,4,52,90,0,70,0
864,10.799585562532277,40,0,37,4,44,90,0,70,0
865,5.732709123052326,40,0,37,4,45,90,0,70,0
866,42.9048924083031,40,0,37,4,66,90,0,70,0
867,34.256821774750925,40,0,37,4,43,90,0,70,0
868,34.19703994444748,40,0,37,4,32,90,0,70,0
869,33.91993043310194,40,0,37,4,51,90,0,70,0
870,14.388906707703171,40,0,37,4,43,90,0,70,0
871,47.66138304172179,40,0,37,4,64,90,0,70,0
872,0.6885189449548856,40,0,37,4,58,90,0,70,0
873,29.948470979280994,40,0,37,4,55,90,0,70,0
874,47.994780169294614,40,0,37,4,43,90,0,70,0
875,34.282232393017054,40,0,37,4,64,90,0,70,0
876,31.146700033263983,40,0,37,4,44,90,0,70,0
877,18.806383309359965,40,0,37,4,61,90,0,70,0
878,42.396377912721974,40,0,37,4,70,90,0,70,0
879,31.076913586930914,40,0,37,4,62,90,0,70,0
880,38.26106353429836,40,0,37,4,70,90,0,70,0
881,37.1089647284478,40,0,37,4,54,90,0,70,0
882,46.356579053346096,40,0,37,4,68,90,0,70,0
883,45.98766173164236,40,0,37,4,64,90,0,70,0
884,24.956848187220228,40,0,37,4,40,90,0,70,0
885,47.04330599852204,40,0,37,4,49,90,0,70,0
886,2.949379933596852,40,0,37,4,67,90,0,70,0
887,14.444979990948,40,0,37,4,44,90,0,70,0
888,6.807073003407837,40,0,37,4,55,90,0,70,0
889,43.52535390422793,40,0,37,4,34,90,0,70,0
890,15.277749016809794,40,0,37,4,64,90,0,70,0
891,8.500235934216215,40,0,37,4,41,90,0,70,0
892,16.974224996815295,40,0,37,4,30,90,0,70,0
893,42.92523160808251,40,0,37,4,42,90,0,70,0
894,12.56025711504022,40,0,37,4,52,90,0,70,0
895,3.1772856730128325,40,0,37,4,46,90,0,70,0
896,15.375783272372118,40,0,37,4,48,90,0,70,0
897,3.1727887817679132,40,0,37,4,69,90,0,70,0
898,32.312101968955815,40,0,37,4,55,90,0,70,0
899,20.293438235525656,40,0,37,4,67,90,0,70,0
900,10.478080095900133,40,0,37,4,70,90,0,70,0
901,46.93843134111333,40,0,37,4,64,90,0,70,0
902,17.237487264405548,40,0,37,4,41,90,0,70,0
903,0.30873469633792183,40,0,37,4,70,90,0,70,0
904,31.489328699036523,40,0,37,4,42,90,0,70,0
905,28.086826171454295,40,0,37,4,45,90,0,70,0
906,5.327291316788859,40,0,37,4,40,90,0,70,0
907,39.890278771464835,40,0,37,4,56,90,0,70,0
908,19.97076414842475,40,0,37,4,45,90,0,70,0
909,17.124078879871988,40,0,37,4,31,90,0,70,0
910,19.188848303876405,40,0,37,4,38,90,0,70,0
911,23.042961426030573,40,0,37,4,44,90,0,70,0
912,20.344555023342114,40,0,37,4,64,90,0,70,0
913,38.034372773865165,40,0,37,4,57,90,0,70,0
914,34.09261233695615,40,0,37,4,53,90,0,70,0
915,30.274420693578136,40,0,37,4,31,90,0,70,0
916,6.07354195890375,40,0,37,4,34,90,0,70,0
917,1.1088137500478652,40,0,37,4,66,90,0,70,0
918,12.992698430268177,40,0,37,4,54,90,0,70,0
919,22.79393812593429,40,0,37,4,53,90,0,70,0
920,12.910634644008868,40,0,37,4,67,90,0,70,0
921,44.88290922771809,40,0,37,4,54,90,0,70,0
922,4.6199454709725885,40,0,37,4,55,90,0,70,0
923,19.39833370797678,40,0,37,4,33,90,0,70,0
924,39.272126759476734,40,0,37,4,69,90,0,70,0
925,17.798968934285625,40,0,37,4,50,90,0,70,0
926,40.844819941226085,40,0,37,4,47,90,0,70,0
927,21.074195365855108,40,0,37,4,62,90,0,70,0
928,41.49208944617652,40,0,37,4,49,90,0,70,0
929,27.531591681183464,40,0,37,4,59,90,0,70,0
930,12.560660470711616,40,0,37,4,64,90,0,70,0
931,27.815815204002135,40,0,37,4,47,90,0,70,0
932,24.544666258998404,40,0,37,4,68,90,0,70,0
933,23.31691922308248,40,0,37,4,36,90,0,70,0
934,0.1489954130350597,40,0,37,4,59,90,0,70,0
935,23.32316165082903,40,0,37,4,67,90,0,70,0
936,38.48753382828353,40,0,37,4,56,90,0,70,0
937,3.581570997140482,40,0,37,4,68,90,0,70,0
938,28.793571431441165,40,0,37,4,52,90,0,70,0
939,45.35860440713919,40,0,37,4,55,90,0,70,0
940,3.2528719032062448,40,0,37,4,39,90,0,70,0
941,11.375509007832507,40,0,37,4,42,90,0,70,0
942,30.627487023851753,40,0,37,4,63,90,0,70,0
943,10.07845157701319,40,0,37,4,30,90,0,70,0
944,31.351945806049407,40,0,37,4,52,90,0,70,0
945,23.316352382354196,40,0,37,4,42,90,0,70,0
946,10.849068951519625,40,0,37,4,53,90,0,70,0
947,8.203436006645013,40,0,37,4,64,90,0,70,0
948,6.629851827286494,40,0,37,4,61,90,0,70,0
949,40.70228793692297,40,0,37,4,68,90,0,70,0
950,5.957094242690008,40,0,37,4,42,90,0,70,0
951,23.9653573901886,40,0,37,4,50,90,0,70,0
952,3.67254853933503,40,0,37,4,57,90,0,70,0
953,15.615487742557164,40,0,37,4,61,90,0,70,0
954,17.799553109717664,40,0,37,4,42,90,0,70,0
955,4.953459054889919,40,0,37,4,35,90,0,70,0
956,0.5498425356326164,40,0,37,4,42,90,0,70,0
957,8.518602158205779,40,0,37,4,62,90,0,70,0
958,43.412422179808964,40,0,37,4,48,90,0,70,0
959,44.13134247798382,40,0,37,4,54,90,0,70,0
960,28.02247611241225,40,0,37,4,58,90,0,70,0
961,13.884735321463623,40,0,37,4,51,90,0,70,0
962,42.32439651537646,40,0,37,4,46,90,0,70,0
963,28.394396193445882,40,0,37,4,50,90,0,70,0
964,17.841817020326005,40,0,37,4,50,90,0,70,0
965,34.04751321260686,40,0,37,4,53,90,0,70,0
966,7.846712028188085,40,0,37,4,49,90,0,70,0
967,0.7389851580053133,40,0,37,4,41,90,0,70,0
968,35.033543039524176,40,0,37,4,54,90,0,70,0
969,41.05551490881826,40,0,37,4,41,90,0,70,0
970,27.07959511460881,40,0,37,4,41,90,0,70,0
971,23.264150134332965,40,0,37,4,41,90,0,70,0
972,36.684370312170145,40,0,37,4,60,90,0,70,0
973,25.43087367234036,40,0,37,4,68,90,0,70,0
974,13.815311286491472,40,0,37,4,45,90,0,70,0
975,15.398161420452583,40,0,37,4,56,90,0,70,0
976,19.760931915637542,40,0,37,4,39,90,0,70,0
977,5.794720287188483,40,0,37,4,52,90,0,70,0
978,27.87518154183124,40,0,37,4,48,90,0,70,0
979,17.61429221774794,40,0,37,4,36,90,0,70,0
980,2.5997800252430037,40,0,37,4,68,90,0,70,0
981,26.276641858381538,40,0,37,4,43,90,0,70,0
982,10.518192647767592,40,0,37,4,60,90,0,70,0
983,28.909067479444587,40,0,37,4,50,90,0,70,0
984,11.143985407457066,40,0,37,4,48,90,0,70,0
985,33.62582799090607,40,0,37,4,36,90,0,70,0
986,15.999774767477376,40,0,37,4,62,90,0,70,0
987,26.89917557212237,40,0,37,4,43,90,0,70,0
988,45.35682549555146,40,0,37,4,41,90,0,70,0
989,11.188625111864802,40,0,37,4,36,90,0,70,0
990,4.986837670732783,40,0,37,4,30,90,0,70,0
991,35.90914214220457,40,0,37,4,54,90,0,70,0
992,19.87326745802892,40,0,37,4,31,90,0,70,0
993,12.251160092594283,40,0,37,4,59,90,0,70,0
994,17.236279114373957,40,0,37,4,52,90,0,70,0
995,1.2146423689257446,40,0,37,4,54,90,0,70,0
996,12.786968721640823,40,0,37,4,36,90,0,70,0
997,3.510020509987344,40,0,37,4,62,90,0,70,0
998,46.3663608862289,40,0,37,4,44,90,0,70,0
999,49.1434023894226,40,0,37,4,30,90,0,70,0
1000,32.19902968993539,40,0,37,4,33,90,0,70,0
